audit_id,club_id,stratum,article_url,title,query,domain,language,source_country,seen_at,retrieved_at,reviewer,is_true_club_match,exclusion_reason,reviewed_at,review_basis
3aa4523e-28dd-5843-acb9-7dcbfebbd26f,ANA,recent_english_exact_full_name,https://bleacherreport.com/articles/25431449-1-trade-or-signing-every-nhl-team-must-make-during-2026-offseason,1 Trade or Signing Every NHL Team Must Make During the 2026 Offseason,"""Anaheim Ducks"" sourcelang:english",bleacherreport.com,English,United States,20260529T173000Z,2026-08-03T15:02:20Z,Codex manual review,true,,2026-08-03,"title, publisher/domain, URL context, and article body where needed"
591134c9-eda0-52e7-93ba-ec8b63790a1a,ANA,recent_english_exact_full_name,https://www.kpbs.org/news/living/2026/06/03/san-diego-gulls-owners-foundation-proposes-massive-new-ice-rink-in-escondido,San Diego Gull owner foundation proposes massive new ice rink in Escondido,"""Anaheim Ducks"" sourcelang:english",kpbs.org,English,United States,20260604T010000Z,2026-08-03T15:02:20Z,Codex manual review,true,,2026-08-03,"title, publisher/domain, URL context, and article body where needed"
8d1ebd2b-253b-5be6-aace-1444bdb5ff33,ANA,recent_english_exact_full_name,https://bleacherreport.com/articles/25447531-nhl-free-agent-tracker-2026-and-updates-all-latest-contract-signings-trades,"NHL Free - Agent Tracker 2026 and Updates on All the Latest Contract Signings , Trades","""Anaheim Ducks"" sourcelang:english",bleacherreport.com,English,United States,20260629T204500Z,2026-08-03T15:02:20Z,Codex manual review,true,,2026-08-03,"title, publisher/domain, URL context, and article body where needed"
57fa3507-ced9-55ae-83d6-40689ad44714,ANA,recent_english_exact_full_name,https://russianmachineneverbreaks.com/2026/06/27/2026-nhl-draft-live-tracker-day-two-picks-trades/,2026 NHL Draft live tracker : Following all of day two picks and trades,"""Anaheim Ducks"" sourcelang:english",russianmachineneverbreaks.com,English,United States,20260627T151500Z,2026-08-03T15:02:20Z,Codex manual review,true,,2026-08-03,"title, publisher/domain, URL context, and article body where needed"
eb12e4fb-fa4f-55ac-a7f7-8e0252713813,ANA,recent_english_exact_full_name,https://russianmachineneverbreaks.com/2026/05/08/john-carlson-anaheim-ducks-exploratory-talks-contract-extension/,John Carlson and Anaheim Ducks have reportedly held  exploratory talk about a contract extension,"""Anaheim Ducks"" sourcelang:english",russianmachineneverbreaks.com,English,United States,20260508T234500Z,2026-08-03T15:02:20Z,Codex manual review,true,,2026-08-03,"title, publisher/domain, URL context, and article body where needed"
0c3ba41f-2aad-50b5-b3b5-529a0fb3add0,BOS,recent_english_exact_full_name,https://www.westernmassnews.com/2026/07/29/bruins-mascot-visits-south-hadley-library-summer-reading-program/,Bruins mascot visits South Hadley library for summer reading program,"""Boston Bruins"" sourcelang:english",westernmassnews.com,English,United States,20260729T223000Z,2026-08-03T15:03:29Z,Codex manual review,true,,2026-08-03,"title, publisher/domain, URL context, and article body where needed"
c50877c5-6062-5eb3-a6ba-d5b48d7c156a,BOS,recent_english_exact_full_name,https://bleacherreport.com/articles/25443233-bs-meter-connor-hellebuyck-bowen-byram-and-latest-nhl-trade-rumors,"BS Meter on Connor Hellebuyck , Bowen Byram and the Latest NHL Trade Rumors","""Boston Bruins"" sourcelang:english",bleacherreport.com,English,United States,20260621T133000Z,2026-08-03T15:03:29Z,Codex manual review,true,,2026-08-03,"title, publisher/domain, URL context, and article body where needed"
23a13df8-0d00-557c-a135-b75cf57b0150,BOS,recent_english_exact_full_name,https://www.tsn.ca/nhl/article/bruins-sign-f-reichel-to-one-year-extension/,Boston Bruins sign forward Lukas Reichel to one - year extension,"""Boston Bruins"" sourcelang:english",tsn.ca,English,Canada,20260514T193000Z,2026-08-03T15:03:29Z,Codex manual review,true,,2026-08-03,"title, publisher/domain, URL context, and article body where needed"
7ca3f994-0b84-5491-98ed-2770175df2b1,BOS,recent_english_exact_full_name,https://www.spotrac.com/nhl/player/_/id/90232/jaxon-nelson,"Jaxon Nelson Contract , Salary & Cap Hit 2026","""Boston Bruins"" sourcelang:english",spotrac.com,English,United States,20260715T073000Z,2026-08-03T15:03:29Z,Codex manual review,true,,2026-08-03,"title, publisher/domain, URL context, and article body where needed"
946935b9-7e07-55c3-8665-816bf9c32e6e,BOS,recent_english_exact_full_name,https://www.vavel.com/en-us/data/boston-bruins/,Boston Bruins | VAVEL united states ,"""Boston Bruins"" sourcelang:english",vavel.com,English,United States,20260531T161500Z,2026-08-03T15:03:29Z,Codex manual review,true,,2026-08-03,"title, publisher/domain, URL context, and article body where needed"
6d9a2106-a2cd-555b-8d8e-9a683b4eac3f,BUF,recent_english_exact_full_name,https://wbuf.com/buffalo-sabres-jerseys/,Buffalo Sabres make change to jersey for next season . ,"""Buffalo Sabres"" sourcelang:english",wbuf.com,English,,20260618T104500Z,2026-08-03T15:04:26Z,Codex manual review,true,,2026-08-03,"title, publisher/domain, URL context, and article body where needed"
19277c8a-a733-5ffe-bccf-0844d7c867a1,BUF,recent_english_exact_full_name,https://wyrk.com/ixp/17/p/buffalo-sabres-jerseys/,Buffalo Sabres make change to jersey for next season . ,"""Buffalo Sabres"" sourcelang:english",wyrk.com,English,United States,20260618T124500Z,2026-08-03T15:04:26Z,Codex manual review,true,,2026-08-03,"title, publisher/domain, URL context, and article body where needed"
7fa07d10-650d-5e67-9867-bfe7f602a4b4,BUF,recent_english_exact_full_name,https://wblk.com/ixp/17/p/buffalo-sabres-jerseys/,Buffalo Sabres make change to jersey for next season . ,"""Buffalo Sabres"" sourcelang:english",wblk.com,English,United States,20260618T133000Z,2026-08-03T15:04:26Z,Codex manual review,true,,2026-08-03,"title, publisher/domain, URL context, and article body where needed"
99e20888-1721-5b3b-b90a-fb9576efa760,BUF,recent_english_exact_full_name,https://www.oleantimesherald.com/2026/06/17/san-jose-sharks-acquire-defenseman-michael-kesselring-buffalo-sabres-amid-pick-swap/,San Jose Sharks acquire defenseman Michael Kesselring from Buffalo Sabres amid pick swap,"""Buffalo Sabres"" sourcelang:english",oleantimesherald.com,English,United States,20260618T013000Z,2026-08-03T15:04:26Z,Codex manual review,true,,2026-08-03,"title, publisher/domain, URL context, and article body where needed"
52cf84af-0553-5d56-9126-ba6947c0649d,BUF,recent_english_exact_full_name,https://www.habseyesontheprize.com/montreal-canadiens-news-rickard-rakell-trade-spaculation-analysis-olivia-cook-coaching-style-martin-st-louis-buffalo-sabres-preview-top-prospects/,Habs Headlines : Could Rickard Rakell be a short - term fit ? ,"""Buffalo Sabres"" sourcelang:english",habseyesontheprize.com,English,Canada,20260803T084500Z,2026-08-03T15:04:26Z,Codex manual review,true,,2026-08-03,"title, publisher/domain, URL context, and article body where needed"
bdae1fd2-a5bf-5dd6-aeb1-21dddad21f45,CGY,recent_english_exact_full_name,https://russianmachineneverbreaks.com/2026/06/27/2026-nhl-draft-live-tracker-day-two-picks-trades/,2026 NHL Draft live tracker : Following all of day two picks and trades,"""Calgary Flames"" sourcelang:english",russianmachineneverbreaks.com,English,United States,20260627T151500Z,2026-08-03T15:04:43Z,Codex manual review,true,,2026-08-03,"title, publisher/domain, URL context, and article body where needed"
29ba5d63-f622-51a6-9911-897ce5e3b0fb,CGY,recent_english_exact_full_name,https://www.spotrac.com/nhl/player/_/id/99403/theo-stockselius,Theo Stockselius | NHL Contracts & Salaries,"""Calgary Flames"" sourcelang:english",spotrac.com,English,United States,20260505T174500Z,2026-08-03T15:04:43Z,Codex manual review,true,,2026-08-03,"title, publisher/domain, URL context, and article body where needed"
49e2f67b-ce5a-57cb-a697-6fbfe88138f0,CGY,recent_english_exact_full_name,https://www.cbc.ca/news/canada/calgary/calgary-flames-alvin-libin-9.7236647,Calgary Flames co - owner Alvin Libin dead at 95,"""Calgary Flames"" sourcelang:english",cbc.ca,English,Canada,20260616T040000Z,2026-08-03T15:04:43Z,Codex manual review,true,,2026-08-03,"title, publisher/domain, URL context, and article body where needed"
2d307e2f-8792-5653-9cfa-2bea9211dadf,CGY,recent_english_exact_full_name,https://www.tsn.ca/nhl/article/flames-sign-g-zarubin-to-three-year-entry-level-contract/,"Calgary Flames sign G Kirill Zarubin to three - year , entry - level contract","""Calgary Flames"" sourcelang:english",tsn.ca,English,Canada,20260522T220000Z,2026-08-03T15:04:43Z,Codex manual review,true,,2026-08-03,"title, publisher/domain, URL context, and article body where needed"
abd826cc-ac99-59f8-bfcb-412fb1efedcd,CGY,recent_english_exact_full_name,https://www.habseyesontheprize.com/2026-nhl-entry-draft-preview-start-time-tv-schedule-and-how-to-watch-tv-listings-online-stream-gavin-mckenna-ivar-stenberg-viggo-bjorck/,2026 NHL Entry Draft : Preview and how to watch,"""Calgary Flames"" sourcelang:english",habseyesontheprize.com,English,Canada,20260626T143000Z,2026-08-03T15:04:43Z,Codex manual review,true,,2026-08-03,"title, publisher/domain, URL context, and article body where needed"
28c518c7-3456-5f17-836e-7e5c16b274e6,CAR,recent_english_exact_full_name,https://russianmachineneverbreaks.com/2026/05/09/hurricanes-taunt-flyers-sweep-gritty-its-always-sunny-memes/,"Hurricanes taunt Flyers with  It Always Sunny in Philadelphia  memes , disrespect Gritty after sweeping them in second - round playoff series","""Carolina Hurricanes"" sourcelang:english",russianmachineneverbreaks.com,English,United States,20260510T044500Z,2026-08-03T15:05:14Z,Codex manual review,true,,2026-08-03,"title, publisher/domain, URL context, and article body where needed"
239fc251-498e-53b5-9a91-a0e06ebe929a,CAR,recent_english_exact_full_name,https://www.wwaytv3.com/hurricanes-foundation-donates-50000-to-fight-summer-hunger-150000-meals-supported/,"Hurricanes Foundation donates $50 , 000 to Fight Summer Hunger , 150 , 000 meals supported","""Carolina Hurricanes"" sourcelang:english",wwaytv3.com,English,United States,20260608T201500Z,2026-08-03T15:05:14Z,Codex manual review,true,,2026-08-03,"title, publisher/domain, URL context, and article body where needed"
305c03d7-a815-5ea4-8d35-43a502c86fa4,CAR,recent_english_exact_full_name,https://www.ocregister.com/2026/06/14/carolina-hurricanes-shut-down-vegas-golden-knights-to-win-stanley-cup/,Carolina Hurricanes shut down Vegas Golden Knights to win Stanley Cup,"""Carolina Hurricanes"" sourcelang:english",ocregister.com,English,United States,20260615T061500Z,2026-08-03T15:05:14Z,Codex manual review,true,,2026-08-03,"title, publisher/domain, URL context, and article body where needed"
c894cf90-3c6d-52cc-b0f2-8d726a1cf2fb,CAR,recent_english_exact_full_name,https://www.wxii12.com/article/viral-carolina-hurricanes-fan-bryson-karbley-stanley-cup-tickets/71538002,Viral  Caniac  fan scores tickets Stanley Cup Final game 5 thanks to Hurricanes,"""Carolina Hurricanes"" sourcelang:english",wxii12.com,English,United States,20260609T213000Z,2026-08-03T15:05:14Z,Codex manual review,true,,2026-08-03,"title, publisher/domain, URL context, and article body where needed"
00568351-710b-53bd-8281-9f4de5a1844b,CAR,recent_english_exact_full_name,https://www.wral.com/carolina-hurricanes-arrive-at-rdu-with-stanley-cup-trophy/22367462/,Carolina Hurricanes arrive at RDU with Stanley Cup trophy,"""Carolina Hurricanes"" sourcelang:english",wral.com,English,United States,20260616T013000Z,2026-08-03T15:05:14Z,Codex manual review,true,,2026-08-03,"title, publisher/domain, URL context, and article body where needed"
f0645955-3d82-53ea-a40b-2c04fa2f9dba,CHI,recent_english_exact_full_name,https://www.wbez.org/in-the-loop-with-sasha-ann-simons/2026/06/10/blackhawks-chairman-danny-wirtz-on-bringing-historic-investment-to-chicagos-west-side,Blackhawks Chairman Danny Wirtz on bringing historic investment to Chicago West Side,"""Chicago Blackhawks"" sourcelang:english",wbez.org,English,United States,20260610T220000Z,2026-08-03T15:06:42Z,Codex manual review,true,,2026-08-03,"title, publisher/domain, URL context, and article body where needed"
77b4401b-0f33-5753-93ec-2f8d51fb1bab,CHI,recent_english_exact_full_name,https://www.fox32chicago.com/news/blackhawks-legend-dennis-hull-dies-81,Blackhawks legend Dennis Hull dies at 81,"""Chicago Blackhawks"" sourcelang:english",fox32chicago.com,English,United States,20260531T004500Z,2026-08-03T15:06:42Z,Codex manual review,true,,2026-08-03,"title, publisher/domain, URL context, and article body where needed"
875e0881-38c8-5d7b-b0c6-185360ea303a,CHI,recent_english_exact_full_name,https://www.spotrac.com/nhl/player/_/id/84536/roman-kantserov,Roman Kantserov | NHL Contracts & Salaries,"""Chicago Blackhawks"" sourcelang:english",spotrac.com,English,United States,20260522T134500Z,2026-08-03T15:06:42Z,Codex manual review,true,,2026-08-03,"title, publisher/domain, URL context, and article body where needed"
c972f2a6-c56f-5536-b57f-9533bb58200a,CHI,recent_english_exact_full_name,https://www.thenews.com.pk/latest/1410003-patrick-kane-returns-to-chicago-blackhawks-on-two-year-deal,Patrick Kane returns to Chicago Blackhawks on two - year deal,"""Chicago Blackhawks"" sourcelang:english",thenews.com.pk,English,Pakistan,20260723T144500Z,2026-08-03T15:06:42Z,Codex manual review,true,,2026-08-03,"title, publisher/domain, URL context, and article body where needed"
741ea8b9-3ab1-50f2-ab2c-5d584c5d4b9f,CHI,recent_english_exact_full_name,https://bleacherreport.com/articles/25455389-nhl-schedule-2026-27-released-opening-day-all-star-weekend-and-key-dates,"NHL Schedule 2026 - 27 Released for Opening Day , All - Star Weekend and Key Dates","""Chicago Blackhawks"" sourcelang:english",bleacherreport.com,English,United States,20260716T193000Z,2026-08-03T15:06:42Z,Codex manual review,true,,2026-08-03,"title, publisher/domain, URL context, and article body where needed"
7b09ca02-425e-51df-8e5a-5d21285c426f,COL,recent_english_exact_full_name,https://www.durangoherald.com/articles/golden-knights-roll-to-early-lead-hold-off-avs-4-2-to-open-western-conference-final/,"Golden Knights roll to early lead , hold off Avs 4 - 2 to open Western Conference Final","""Colorado Avalanche"" sourcelang:english",durangoherald.com,English,United States,20260521T033000Z,2026-08-03T15:06:34Z,Codex manual review,true,,2026-08-03,"title, publisher/domain, URL context, and article body where needed"
171627a9-a8a1-59bf-b3ae-e0c34ab81afb,COL,recent_english_exact_full_name,https://nypost.com/2026/05/09/betting/avalanche-vs-wild-game-3-prediction-nhl-odds-picks-best-bets-for-stanley-cup-playoffs/,"Avalanche vs . Wild Game 3 prediction : NHL odds , picks , best bets for Stanley Cup playoffs","""Colorado Avalanche"" sourcelang:english",nypost.com,English,United States,20260509T214500Z,2026-08-03T15:06:34Z,Codex manual review,true,,2026-08-03,"title, publisher/domain, URL context, and article body where needed"
f84477eb-4a63-5b5e-bd24-3378ee095ad7,COL,recent_english_exact_full_name,https://bleacherreport.com/articles/25430759-avalanche-hc-jared-bednar-drops-honest-quote-after-blowing-3-goal-lead-and-now-facing-elimination,Avalanche HC Jared Bednar Drops Honest Quote After Blowing 3 - Goal Lead and Now Facing Elimination,"""Colorado Avalanche"" sourcelang:english",bleacherreport.com,English,United States,20260525T140000Z,2026-08-03T15:06:34Z,Codex manual review,true,,2026-08-03,"title, publisher/domain, URL context, and article body where needed"
209013eb-56d0-53f1-a98a-d0679f9245eb,COL,recent_english_exact_full_name,https://bleacherreport.com/articles/25432358-br-2026-nhl-stanley-cup-final-predictions,B / R 2026 NHL Stanley Cup Final Predictions,"""Colorado Avalanche"" sourcelang:english",bleacherreport.com,English,United States,20260601T174500Z,2026-08-03T15:06:34Z,Codex manual review,true,,2026-08-03,"title, publisher/domain, URL context, and article body where needed"
482f845c-4f39-526b-8f03-c3410c2d1711,COL,recent_english_exact_full_name,https://www.durangoherald.com/articles/hoping-to-stave-off-elimination-avalanche-turn-to-goalie-mackenzie-blackwood-in-game-4/,"Hoping to stave off elimination , Avalanche turn to goalie Mackenzie Blackwood in Game 4","""Colorado Avalanche"" sourcelang:english",durangoherald.com,English,United States,20260527T070000Z,2026-08-03T15:06:34Z,Codex manual review,true,,2026-08-03,"title, publisher/domain, URL context, and article body where needed"
8b4fe027-c5c2-542c-b37c-9d53645039d1,CBJ,recent_english_exact_full_name,https://abc6onyourside.com/news/local/columbus-blue-jackets-kick-off-recyle-the-game-initiative,Columbus Blue Jackets kick off  Recycle the Game  initiative,"""Columbus Blue Jackets"" sourcelang:english",abc6onyourside.com,English,United States,20260708T230000Z,2026-08-03T15:06:37Z,Codex manual review,true,,2026-08-03,"title, publisher/domain, URL context, and article body where needed"
71ba44f4-ee5e-5236-955e-2714cbc51a8e,CBJ,recent_english_exact_full_name,https://www.spotrac.com/nhl/player/_/id/1944/cody-bass,Cody Bass | NHL Contracts & Salaries,"""Columbus Blue Jackets"" sourcelang:english",spotrac.com,English,United States,20260605T021500Z,2026-08-03T15:06:37Z,Codex manual review,true,,2026-08-03,"title, publisher/domain, URL context, and article body where needed"
966f1dad-da30-5599-bf44-4b2236a1be57,CBJ,recent_english_exact_full_name,https://www.spotrac.com/nhl/player/_/id/82041/hunter-mckown,"Hunter McKown Contract , Salary & Cap Hit 2026","""Columbus Blue Jackets"" sourcelang:english",spotrac.com,English,United States,20260626T163000Z,2026-08-03T15:06:37Z,Codex manual review,true,,2026-08-03,"title, publisher/domain, URL context, and article body where needed"
62df6f96-4aa1-5d1d-a2fc-a967effce66b,CBJ,recent_english_exact_full_name,https://www.tsn.ca/nhl/article/blue-jackets-nearing-deal-with-pending-free-agent-coyle/,"Columbus Blue Jackets sign pending free - agent centre Charlie Coyle to six - year , $36 million deal","""Columbus Blue Jackets"" sourcelang:english",tsn.ca,English,Canada,20260512T150000Z,2026-08-03T15:06:37Z,Codex manual review,true,,2026-08-03,"title, publisher/domain, URL context, and article body where needed"
7960f6c2-7e04-58eb-984f-13701b153053,CBJ,recent_english_exact_full_name,https://www.thebiglead.com/maple-leafs-may-need-matthew-knies-package-to-land-zach-werenski/,Maple Leafs may need Matthew Knies package to land Zach Werenski,"""Columbus Blue Jackets"" sourcelang:english",thebiglead.com,English,United States,20260630T184500Z,2026-08-03T15:06:37Z,Codex manual review,true,,2026-08-03,"title, publisher/domain, URL context, and article body where needed"
b53fd326-87ee-51c4-95cd-37fa23e71e41,DAL,recent_english_exact_full_name,https://www.prnewswire.com/news-releases/dallas-stars-and-delta-dental-of-california-partner-to-promote-oral-health-and-overall-health-302769978.html,Dallas Stars and Delta Dental of California Partner to Promote Oral Health and Overall Health,"""Dallas Stars"" sourcelang:english",prnewswire.com,English,United States,20260512T190000Z,2026-08-03T15:06:34Z,Codex manual review,true,,2026-08-03,"title, publisher/domain, URL context, and article body where needed"
269c7906-4eb7-5ef4-af48-9a4ff32eaf14,DAL,recent_english_exact_full_name,https://www.fox4news.com/news/plano-city-council-approve-using-tax-dollars-build-new-dallas-stars-arena,Plano City Council approves using $700 million in taxpayer funds to build new Dallas Stars arena,"""Dallas Stars"" sourcelang:english",fox4news.com,English,United States,20260609T033000Z,2026-08-03T15:06:34Z,Codex manual review,true,,2026-08-03,"title, publisher/domain, URL context, and article body where needed"
abe6161d-961e-5bfc-85d0-e82c82b1558b,DAL,recent_english_exact_full_name,https://www.nbcdfw.com/news/local/dallas-stars-chose-planos-willow-bend-area-for-new-arena/4031357/,"Dallas Stars chose Plano for new arena , entertainment district","""Dallas Stars"" sourcelang:english",nbcdfw.com,English,United States,20260603T013000Z,2026-08-03T15:06:34Z,Codex manual review,true,,2026-08-03,"title, publisher/domain, URL context, and article body where needed"
3c7cb242-75f3-5933-bd4c-eca79579aeb3,DAL,recent_english_exact_full_name,https://lonestar925.iheart.com/featured/jeff-k/content/2026-06-20-happy-dallas-stars-championship-anniversary/,Happy Dallas Stars Championship Anniversary ! | Lone Star 92 . 5,"""Dallas Stars"" sourcelang:english",lonestar925.iheart.com,English,United States,20260620T100000Z,2026-08-03T15:06:34Z,Codex manual review,true,,2026-08-03,"title, publisher/domain, URL context, and article body where needed"
b2994216-017a-5099-978d-c2bc5120bb96,DAL,recent_english_exact_full_name,https://www.wmur.com/article/nh-mountain-kings-nhl-draft/71776103,NH Mountain Kings player drafted into NHL,"""Dallas Stars"" sourcelang:english",wmur.com,English,United States,20260630T040000Z,2026-08-03T15:06:34Z,Codex manual review,true,,2026-08-03,"title, publisher/domain, URL context, and article body where needed"
f2939d24-becd-548e-93eb-79450a91aa7d,DET,recent_english_exact_full_name,https://www.theoaklandpress.com/2026/06/28/steve-yzerman-no-guarantees-dylan-larkins-trade-request-will-be-met/,Steve Yzerman : No guarantees Dylan Larkin trade request will be met – The Oakland Press,"""Detroit Red Wings"" sourcelang:english",theoaklandpress.com,English,United States,20260628T163000Z,2026-08-03T15:06:33Z,Codex manual review,true,,2026-08-03,"title, publisher/domain, URL context, and article body where needed"
402d0756-f9fe-5c74-bf4f-5824fae2a834,DET,recent_english_exact_full_name,https://www.wnem.com/2026/07/15/watch-wnem-afternoon-extra-wednesday-july-15/,WNEM Afternoon Extra : Yzerman no longer Red Wings GM,"""Detroit Red Wings"" sourcelang:english",wnem.com,English,United States,20260715T211500Z,2026-08-03T15:06:33Z,Codex manual review,true,,2026-08-03,"title, publisher/domain, URL context, and article body where needed"
83c6c875-54fe-5e80-9410-747c2d1724de,DET,recent_english_exact_full_name,https://www.tsn.ca/nhl/article/report-larkin-adds-stars-to-trade-list/,Detroit Red Wings captain Dylan Larkin adds Dallas Stars to trade list,"""Detroit Red Wings"" sourcelang:english",tsn.ca,English,Canada,20260709T184500Z,2026-08-03T15:06:33Z,Codex manual review,true,,2026-08-03,"title, publisher/domain, URL context, and article body where needed"
7faf6b56-f52d-52c0-91f6-8d1347d986bc,DET,recent_english_exact_full_name,https://www.fox2detroit.com/news/steve-yzerman-out-red-wings-gm-amid-leadership-transition,"Steve Yzerman out as Red Wings GM , amid  leadership transition  ","""Detroit Red Wings"" sourcelang:english",fox2detroit.com,English,United States,20260715T174500Z,2026-08-03T15:06:33Z,Codex manual review,true,,2026-08-03,"title, publisher/domain, URL context, and article body where needed"
4e6f40af-cc6c-52c2-ac09-7704a0b72b39,DET,recent_english_exact_full_name,https://russianmachineneverbreaks.com/2026/07/23/nhlpa-rookie-showcase-cole-hutson-andrew-cristall-gavin-mckenna-chicago/,Cole Hutson and Andrew Cristall to represent Capitals at 2026 NHLPA Rookie Showcase,"""Detroit Red Wings"" sourcelang:english",russianmachineneverbreaks.com,English,United States,20260723T211500Z,2026-08-03T15:06:33Z,Codex manual review,true,,2026-08-03,"title, publisher/domain, URL context, and article body where needed"
c942745c-6239-56d4-b187-1ad66fd12df2,EDM,recent_english_exact_full_name,https://montrealgazette.com/press-releases/globe-newswire/edmonton-oilers-community-foundation-and-ymca-team-up-to-deliver-unforgettable-experiences-to-kids-this-august/,Edmonton Oilers Community Foundation and YMCA team up to deliver unforgettable experiences to kids this August,"""Edmonton Oilers"" sourcelang:english",montrealgazette.com,English,Canada,20260729T211500Z,2026-08-03T15:06:33Z,Codex manual review,true,,2026-08-03,"title, publisher/domain, URL context, and article body where needed"
051028a0-5c00-56af-bdcc-8749accae1d8,EDM,recent_english_exact_full_name,https://www.manilatimes.net/2026/07/30/tmt-newswire/globenewswire/edmonton-oilers-community-foundation-and-ymca-team-up-to-deliver-unforgettable-experiences-to-kids-this-august/2394479,Edmonton Oilers Community Foundation and YMCA team up to deliver unforgettable experiences to kids this August,"""Edmonton Oilers"" sourcelang:english",manilatimes.net,English,Philippines,20260729T213000Z,2026-08-03T15:06:33Z,Codex manual review,true,,2026-08-03,"title, publisher/domain, URL context, and article body where needed"
40ac1d2e-4c3f-563d-ba52-83c9004b29e9,EDM,recent_english_exact_full_name,https://www.thebiglead.com/jason-demers-predicts-edmonton-oilers-pacific-division-nhl/,Jason Demers predicts Oilers will  run away  with Pacific Division,"""Edmonton Oilers"" sourcelang:english",thebiglead.com,English,United States,20260731T183000Z,2026-08-03T15:06:33Z,Codex manual review,true,,2026-08-03,"title, publisher/domain, URL context, and article body where needed"
0859466c-15a3-5602-bea9-443cd45f18c7,EDM,recent_english_exact_full_name,https://www.thebiglead.com/oilers-rumors-edmonton-is-ready-to-trade-74m-d-man-ahead-of-2026-27-nhl-season/,Oilers Rumors : Edmonton is  ready  to trade $74M D - man ahead of 2026 - 27 NHL season,"""Edmonton Oilers"" sourcelang:english",thebiglead.com,English,United States,20260604T203000Z,2026-08-03T15:06:33Z,Codex manual review,true,,2026-08-03,"title, publisher/domain, URL context, and article body where needed"
1e08a6da-9e85-5aa6-b7cc-5f01b65ff3f0,EDM,recent_english_exact_full_name,https://www.ckom.com/2026/06/24/the-green-zone-replay-tuesday-june-23/,"The Green Zone Replay – Tuesday , June 23","""Edmonton Oilers"" sourcelang:english",ckom.com,English,Canada,20260624T164500Z,2026-08-03T15:06:33Z,Codex manual review,true,,2026-08-03,"title, publisher/domain, URL context, and article body where needed"
f61ecbb2-e404-533e-af64-7cb96e95eabd,FLA,recent_english_exact_full_name,https://www.sun-sentinel.com/2026/06/23/excited-for-this-next-chapter-brady-tkachuk-ecstatic-to-join-brother-matthew-with-panthers/,Brady Tkachuk talks about trade to the Florida Panthers,"""Florida Panthers"" sourcelang:english",sun-sentinel.com,English,United States,20260623T194500Z,2026-08-03T15:06:49Z,Codex manual review,true,,2026-08-03,"title, publisher/domain, URL context, and article body where needed"
659312b7-5a2f-50c4-8e12-5805b68ddde2,FLA,recent_english_exact_full_name,https://www.sun-sentinel.com/2026/06/26/fun-in-july-2026-coco-market-bahamas-celebration-world-cup-watch-parties-with-ac/,"July festivals , fairs and family fun","""Florida Panthers"" sourcelang:english",sun-sentinel.com,English,United States,20260626T163000Z,2026-08-03T15:06:49Z,Codex manual review,false,Regional events roundup; available evidence did not establish a material Florida Panthers item.,2026-08-03,"title, publisher/domain, URL context, and article body where needed"
07fafb4e-fe92-5fd2-9712-caff33fa9062,FLA,recent_english_exact_full_name,https://www.thebiglead.com/vegas-challenging-florida-panthers-for-most-hated-nhl-team-crown/,Vegas challenging Florida Panthers for  most hated  NHL team crown,"""Florida Panthers"" sourcelang:english",thebiglead.com,English,United States,20260527T154500Z,2026-08-03T15:06:49Z,Codex manual review,true,,2026-08-03,"title, publisher/domain, URL context, and article body where needed"
9229a399-5c42-588d-8727-98f9ba3bf784,FLA,recent_english_exact_full_name,https://www.cbc.ca/news/canada/ottawa/brady-tkachuk-trade-ottawa-senators-florida-panthers-9.7245641,Brady Tkachuk says he asked for a trade to start the  next chapter  of his career,"""Florida Panthers"" sourcelang:english",cbc.ca,English,Canada,20260623T201500Z,2026-08-03T15:06:49Z,Codex manual review,true,,2026-08-03,"title, publisher/domain, URL context, and article body where needed"
002da466-70b8-5c49-8ca7-1edeb9026e9f,FLA,recent_english_exact_full_name,https://www.tsn.ca/nhl/article/panthers-g-schmid-avoid-arbitration-with-two-year-contract/,"Florida Panthers , goaltender Akira Schmid avoid arbitration with two - year contract","""Florida Panthers"" sourcelang:english",tsn.ca,English,Canada,20260724T233000Z,2026-08-03T15:06:49Z,Codex manual review,true,,2026-08-03,"title, publisher/domain, URL context, and article body where needed"
918ad3fc-6edd-570a-b819-7e41e8a31533,LAK,recent_english_exact_full_name,https://russianmachineneverbreaks.com/2026/06/27/2026-nhl-draft-live-tracker-day-two-picks-trades/,2026 NHL Draft live tracker : Following all of day two picks and trades,"""Los Angeles Kings"" sourcelang:english",russianmachineneverbreaks.com,English,United States,20260627T151500Z,2026-08-03T15:06:33Z,Codex manual review,true,,2026-08-03,"title, publisher/domain, URL context, and article body where needed"
40f3f2b4-71b5-57f0-a9e4-dbedc709ee83,LAK,recent_english_exact_full_name,https://www.thebiglead.com/3-burning-questions-los-angeles-kings-must-answer-in-2026-offseason/,3 urgent questions Los Angeles Kings must answer in 2026 offseason,"""Los Angeles Kings"" sourcelang:english",thebiglead.com,English,United States,20260507T043000Z,2026-08-03T15:06:33Z,Codex manual review,true,,2026-08-03,"title, publisher/domain, URL context, and article body where needed"
309d5450-6280-5c2d-9da5-1b4e38134830,LAK,recent_english_exact_full_name,https://www.cp24.com/local/toronto/2026/06/17/toronto-maple-leafs-hire-jim-hiller-as-new-head-coach/,Jim Hiller hired as Toronto Maple Leafs coach,"""Los Angeles Kings"" sourcelang:english",cp24.com,English,Canada,20260617T171500Z,2026-08-03T15:06:33Z,Codex manual review,true,,2026-08-03,"title, publisher/domain, URL context, and article body where needed"
3bbab683-5786-5109-a39c-8f5d79b4277c,LAK,recent_english_exact_full_name,https://www.yardbarker.com/nhl/articles/oilers_trade_rumours_kings_penguins_named_as_teams_darnell_nurse_would_accept_trade_to/s1_15245_43943747,"Oilers trade rumours : Kings , Penguins named as teams Darnell Nurse would accept trade to","""Los Angeles Kings"" sourcelang:english",yardbarker.com,English,United States,20260612T003000Z,2026-08-03T15:06:33Z,Codex manual review,true,,2026-08-03,"title, publisher/domain, URL context, and article body where needed"
c8fd09c7-035d-51bb-9616-cf8d3d67f67b,LAK,recent_english_exact_full_name,https://russianmachineneverbreaks.com/2026/06/08/peter-laviolette-los-angeles-kings-hired-new-head-coach-nhl/,Peter Laviolette hired as new head coach of Los Angeles Kings,"""Los Angeles Kings"" sourcelang:english",russianmachineneverbreaks.com,English,United States,20260608T191500Z,2026-08-03T15:06:33Z,Codex manual review,true,,2026-08-03,"title, publisher/domain, URL context, and article body where needed"
d11982e7-4c57-5a12-a2a6-1807f9e62688,MIN,recent_english_exact_full_name,https://nypost.com/2026/05/09/betting/betmgm-bonus-code-nypnewsget-get-up-to-1k-in-no-sweat-tokens-for-wild-vs-avalanche/,BetMGM bonus code NYPNEWSGET : Get up to $1K in no - sweat tokens for Wild vs . Avalanche,"""Minnesota Wild"" sourcelang:english",nypost.com,English,United States,20260509T214500Z,2026-08-03T15:06:46Z,Codex manual review,true,,2026-08-03,"title, publisher/domain, URL context, and article body where needed"
daff4cae-80f0-5141-9a67-edaa588be52a,MIN,recent_english_exact_full_name,https://www.spotrac.com/nhl/player/_/id/73842/caedan-bankier,"Caedan Bankier Contract , Salary & Cap Hit 2026","""Minnesota Wild"" sourcelang:english",spotrac.com,English,United States,20260710T130000Z,2026-08-03T15:06:46Z,Codex manual review,true,,2026-08-03,"title, publisher/domain, URL context, and article body where needed"
959d83c7-2408-54cf-b66b-c9061612131d,MIN,recent_english_exact_full_name,https://www.kare11.com/article/news/local/outreach/communities-that-kare/foligno-brothers-raise-200k-for-cancer-research/89-d76c4aac-f943-476b-9c21-cae5987d5290,Foligno brothers raise $200k for cancer research,"""Minnesota Wild"" sourcelang:english",kare11.com,English,United States,20260514T011500Z,2026-08-03T15:06:46Z,Codex manual review,true,,2026-08-03,"title, publisher/domain, URL context, and article body where needed"
0c10ae0d-48ae-5066-98ff-8baff3b937ef,MIN,recent_english_exact_full_name,https://www.durangoherald.com/articles/avalanche-bounce-back-to-beat-the-wild-5-2-and-take-a-3-1-lead-in-the-series/,Avalanche bounce back to beat the Wild 5 - 2 and take a 3 - 1 lead in the series,"""Minnesota Wild"" sourcelang:english",durangoherald.com,English,United States,20260512T081500Z,2026-08-03T15:06:46Z,Codex manual review,true,,2026-08-03,"title, publisher/domain, URL context, and article body where needed"
e3e56de5-b6cd-5efe-8a7e-7ec04c059928,MIN,recent_english_exact_full_name,https://www.durangoherald.com/articles/avalanche-bounce-back-to-beat-the-wild-5-2-and-take-a-3-1-lead-in-the-series-2/,Avalanche bounce back to beat the Wild 5 - 2 and take a 3 - 1 lead in the series,"""Minnesota Wild"" sourcelang:english",durangoherald.com,English,United States,20260512T214500Z,2026-08-03T15:06:46Z,Codex manual review,true,,2026-08-03,"title, publisher/domain, URL context, and article body where needed"
ce362d3a-4653-55af-bd06-8c50ce238372,MTL,recent_english_exact_full_name,https://globalnews.ca/news/11938903/montreal-gallagher-honorary-citizen-canadiens/,Montreal names Brendan Gallagher  honorary citizen  as player departs Canadiens,"""Montreal Canadiens"" sourcelang:english",globalnews.ca,English,Canada,20260626T024500Z,2026-08-03T15:19:18Z,Codex manual review,true,,2026-08-03,"title, publisher/domain, URL context, and article body where needed"
be89c415-d992-552d-af50-9fd45fc6272c,MTL,recent_english_exact_full_name,https://www.spotrac.com/nhl/player/_/id/84602/bogdan-konyushkov,"Bogdan Konyushkov Contract , Salary & Cap Hit 2026","""Montreal Canadiens"" sourcelang:english",spotrac.com,English,United States,20260711T133000Z,2026-08-03T15:19:18Z,Codex manual review,true,,2026-08-03,"title, publisher/domain, URL context, and article body where needed"
535b2129-7a2f-58c9-a44b-afae2b0325c0,MTL,recent_english_exact_full_name,https://www.habseyesontheprize.com/gleb-pugachyov-2026-nhl-draft-montreal-canadiens-select-with-pick-26-russia-mhl-chl-khl-chaika-nichny-novgorod-right-wing-stats/,2026 NHL Draft : Canadiens select Gleb Pugachyov with pick # 26,"""Montreal Canadiens"" sourcelang:english",habseyesontheprize.com,English,Canada,20260627T044500Z,2026-08-03T15:19:18Z,Codex manual review,true,,2026-08-03,"title, publisher/domain, URL context, and article body where needed"
6fad1584-69b1-5644-8cc2-0b5fdb29d145,MTL,recent_english_exact_full_name,https://globalnews.ca/news/11943107/canadiens-trade-gallagher-canucks/,Canadiens trade veteran forward Brendan Gallagher to Canucks,"""Montreal Canadiens"" sourcelang:english",globalnews.ca,English,Canada,20260629T191500Z,2026-08-03T15:19:18Z,Codex manual review,true,,2026-08-03,"title, publisher/domain, URL context, and article body where needed"
f8940644-0d78-5ff8-bc9f-6fda715027ab,MTL,recent_english_exact_full_name,https://globalnews.ca/news/11841646/montreal-canadiens-habs-fever-city/,  Never felt it like thi : Famous Montreal barber sees new level of Habs fever,"""Montreal Canadiens"" sourcelang:english",globalnews.ca,English,Canada,20260510T103000Z,2026-08-03T15:19:18Z,Codex manual review,true,,2026-08-03,"title, publisher/domain, URL context, and article body where needed"
01951235-ea9d-5899-90e6-c2f85ad99cd0,NSH,recent_english_exact_full_name,https://www.blueshirtbanter.com/bantering-points-7-5-26/,Bantering Points : 7 / 5 / 26,"""Nashville Predators"" sourcelang:english",blueshirtbanter.com,English,United States,20260705T153000Z,2026-08-03T15:31:56Z,Codex manual review,true,,2026-08-03,"title, publisher/domain, URL context, and article body where needed"
618ee428-ec0f-566d-be36-d31a158cd3a0,NSH,recent_english_exact_full_name,https://www.yardbarker.com/nhl/articles/predators_new_acquisition_mavrik_bourque_gets_6_year_33m_deal/s1_17050_44028604,"Predator new acquisition Mavrik Bourque gets 6 - year , $33M deal","""Nashville Predators"" sourcelang:english",yardbarker.com,English,United States,20260705T073000Z,2026-08-03T15:31:56Z,Codex manual review,true,,2026-08-03,"title, publisher/domain, URL context, and article body where needed"
2f87c0ad-bdef-52a4-ad4f-105cab442805,NSH,recent_english_exact_full_name,https://www.yardbarker.com/nhl/articles/could_maple_leafs_bring_back_a_familiar_face_in_free_agency/s1_17176_44054449,Could Maple Leafs bring back a familiar face in free agency ? ,"""Nashville Predators"" sourcelang:english",yardbarker.com,English,United States,20260712T201500Z,2026-08-03T15:31:56Z,Codex manual review,true,,2026-08-03,"title, publisher/domain, URL context, and article body where needed"
3394a371-deb7-5d9e-a0ae-9f57887dd11a,NSH,recent_english_exact_full_name,https://www.habseyesontheprize.com/montreal-canadiens-nhl-schedule-regular-season-bell-centre-home-opener-habs-september-29-toronto-2026-27/,"Montreal Canadiens to open season September 29 in Toronto , full 2026 - 27 schedule revealed","""Nashville Predators"" sourcelang:english",habseyesontheprize.com,English,Canada,20260716T181500Z,2026-08-03T15:31:56Z,Codex manual review,true,,2026-08-03,"title, publisher/domain, URL context, and article body where needed"
e7f69d9c-24bb-5fb7-9b32-a0cb334ffdd9,NSH,recent_english_exact_full_name,https://www.chicagotribune.com/2026/07/06/chicago-blackhawks-nhl-free-agency-tracker/,Chicago Blackhawks in NHL free agency : Follow the latest news,"""Nashville Predators"" sourcelang:english",chicagotribune.com,English,United States,20260706T230000Z,2026-08-03T15:31:56Z,Codex manual review,true,,2026-08-03,"title, publisher/domain, URL context, and article body where needed"
854483a2-7432-56ba-bff2-a0f64df9a95c,NJD,recent_english_exact_full_name,https://www.wtae.com/article/anthony-mantha-devils-penguins/71943634,Penguins free agent Anthony Mantha signs with New Jersey Devils,"""New Jersey Devils"" sourcelang:english",wtae.com,English,United States,20260715T164500Z,2026-08-03T15:22:49Z,Codex manual review,true,,2026-08-03,"title, publisher/domain, URL context, and article body where needed"
810a8eda-3fca-50e7-b3d7-02b18e343bbc,NJD,recent_english_exact_full_name,https://www.allaboutthejersey.com/devils-in-the-details-news-and-links/70371/devils-in-the-details-6-19-26-all-signs-edition,DitD & Open Post - 6 / 19 / 26 : All Signs Edition,"""New Jersey Devils"" sourcelang:english",allaboutthejersey.com,English,United States,20260619T113000Z,2026-08-03T15:22:49Z,Codex manual review,true,,2026-08-03,"title, publisher/domain, URL context, and article body where needed"
21727e6c-483e-5252-9c3d-1fb14f1c1456,NJD,recent_english_exact_full_name,https://russianmachineneverbreaks.com/2026/06/27/2026-nhl-draft-live-tracker-day-two-picks-trades/,2026 NHL Draft live tracker : Following all of day two picks and trades,"""New Jersey Devils"" sourcelang:english",russianmachineneverbreaks.com,English,United States,20260627T151500Z,2026-08-03T15:22:49Z,Codex manual review,true,,2026-08-03,"title, publisher/domain, URL context, and article body where needed"
260efcad-e811-5793-8a83-74666400723f,NJD,recent_english_exact_full_name,https://russianmachineneverbreaks.com/2026/06/25/declan-chisholm-trade-devils-capitals-draft-pick/,Capitals trade defenseman Declan Chisholm to Devils for draft pick,"""New Jersey Devils"" sourcelang:english",russianmachineneverbreaks.com,English,United States,20260626T021500Z,2026-08-03T15:22:49Z,Codex manual review,true,,2026-08-03,"title, publisher/domain, URL context, and article body where needed"
014d5866-ca3d-50e4-9307-98ecf351a140,NJD,recent_english_exact_full_name,https://www.allaboutthejersey.com/devils-in-the-details-news-and-links/71155/devils-in-the-details-7-13-26-projecting-edition,DitD & Open Post - 7 / 13 / 26 : Projecting Edition,"""New Jersey Devils"" sourcelang:english",allaboutthejersey.com,English,United States,20260713T141500Z,2026-08-03T15:22:49Z,Codex manual review,true,,2026-08-03,"title, publisher/domain, URL context, and article body where needed"
a6108881-fcbb-52ba-9bbb-328c91c15261,NYI,recent_english_exact_full_name,https://www.tsn.ca/nhl/article/hamilton-hammers-name-mckee-first-head-coach/,Hamilton Hammers name Jay McKee first head coach,"""New York Islanders"" sourcelang:english",tsn.ca,English,Canada,20260529T134500Z,2026-08-03T15:23:33Z,Codex manual review,true,,2026-08-03,"title, publisher/domain, URL context, and article body where needed"
7a28f2f4-2ebf-5152-b8ba-8d96ea652d5a,NYI,recent_english_exact_full_name,https://russianmachineneverbreaks.com/2026/07/23/nhlpa-rookie-showcase-cole-hutson-andrew-cristall-gavin-mckenna-chicago/,Cole Hutson and Andrew Cristall to represent Capitals at 2026 NHLPA Rookie Showcase,"""New York Islanders"" sourcelang:english",russianmachineneverbreaks.com,English,United States,20260723T211500Z,2026-08-03T15:23:33Z,Codex manual review,true,,2026-08-03,"title, publisher/domain, URL context, and article body where needed"
3f68d70d-fead-5436-9cd2-a01226e4d728,NYI,recent_english_exact_full_name,https://dailyhive.com/vancouver/worst-nhl-jerseys-ranked,14 worst NHL jerseys ever worn ranked from tolerable to downright ugly | Daily Hive,"""New York Islanders"" sourcelang:english",dailyhive.com,English,Canada,20260729T004500Z,2026-08-03T15:23:33Z,Codex manual review,true,,2026-08-03,"title, publisher/domain, URL context, and article body where needed"
b6dfcb34-5492-5715-abce-b075b1407af2,NYI,recent_english_exact_full_name,https://russianmachineneverbreaks.com/2026/05/21/capitals-hire-ray-bennett-assistant-coach-spencer-carbery-staff/,Washington Capitals name Ray Bennett to Spencer Carbery staff as an assistant coach,"""New York Islanders"" sourcelang:english",russianmachineneverbreaks.com,English,United States,20260521T181500Z,2026-08-03T15:23:33Z,Codex manual review,true,,2026-08-03,"title, publisher/domain, URL context, and article body where needed"
c2afd8e1-9ceb-59d1-bb5c-c5d67ce00c9a,NYI,recent_english_exact_full_name,https://bleacherreport.com/articles/25437564-comparing-expert-2026-nhl-mock-drafts-rangers-blackhawks-islanders-and-top-teams,"Comparing Expert 2026 NHL Mock Drafts for Rangers , Blackhawks , Islanders and Top Teams","""New York Islanders"" sourcelang:english",bleacherreport.com,English,United States,20260611T180000Z,2026-08-03T15:23:33Z,Codex manual review,true,,2026-08-03,"title, publisher/domain, URL context, and article body where needed"
9a725b78-6920-5560-9a1f-3ae5a99716ac,NYR,recent_english_exact_full_name,https://nypost.com/2026/07/17/ticket-sales/ny-rangers-announce-2026-27-schedule-get-discounted-msg-tickets/,NY Rangers announce 2026 - 27 schedule . Get discounted MSG tickets,"""New York Rangers"" sourcelang:english",nypost.com,English,United States,20260717T171500Z,2026-08-03T15:09:18Z,Codex manual review,true,,2026-08-03,"title, publisher/domain, URL context, and article body where needed"
67bd3757-bd31-5cd7-9874-200731161f21,NYR,recent_english_exact_full_name,https://www.blueshirtbanter.com/podcast-question-thread-73/,Podcast Question Thread,"""New York Rangers"" sourcelang:english",blueshirtbanter.com,English,United States,20260616T171500Z,2026-08-03T15:09:18Z,Codex manual review,true,,2026-08-03,"title, publisher/domain, URL context, and article body where needed"
5bf1ec25-eb38-5a3f-9369-8ac4947592ee,NYR,recent_english_exact_full_name,https://www.blueshirtbanter.com/media-bytes-fox-it-was-time-to-tro-lafreniere-korpisalo-rust-reunion/,"Media Bytes : Fox , It Was Time to Tro , Lafrenière , Korpisalo , Rust Reunion ? ","""New York Rangers"" sourcelang:english",blueshirtbanter.com,English,United States,20260712T154500Z,2026-08-03T15:09:18Z,Codex manual review,true,,2026-08-03,"title, publisher/domain, URL context, and article body where needed"
6f5d6c79-fe8a-556a-bb55-caeb092afb58,NYR,recent_english_exact_full_name,https://www.yardbarker.com/nhl/articles/five_nhl_teams_that_need_injury_luck_on_their_side_in_2026_27/s1_13132_44062847,Five NHL teams that need injury luck on their side in 2026 - 27,"""New York Rangers"" sourcelang:english",yardbarker.com,English,United States,20260715T051500Z,2026-08-03T15:09:18Z,Codex manual review,true,,2026-08-03,"title, publisher/domain, URL context, and article body where needed"
5036a7c5-bdb5-5e2f-923b-94536bd386a7,NYR,recent_english_exact_full_name,https://www.wfsb.com/2026/06/26/hartford-wolf-pack-peoplesbank-arena-hosting-watch-party-2026-nhl-draft/,"Hartford Wolf Pack , PeoplesBank Arena hosting watch party for 2026 NHL Draft","""New York Rangers"" sourcelang:english",wfsb.com,English,United States,20260626T234500Z,2026-08-03T15:09:18Z,Codex manual review,true,,2026-08-03,"title, publisher/domain, URL context, and article body where needed"
dceebcd0-31f7-5a8e-9ea7-86634eea6f6d,OTT,recent_english_exact_full_name,https://www.sun-sentinel.com/2026/06/23/excited-for-this-next-chapter-brady-tkachuk-ecstatic-to-join-brother-matthew-with-panthers/,Brady Tkachuk talks about trade to the Florida Panthers,"""Ottawa Senators"" sourcelang:english",sun-sentinel.com,English,United States,20260623T194500Z,2026-08-03T15:24:19Z,Codex manual review,true,,2026-08-03,"title, publisher/domain, URL context, and article body where needed"
e1869f5d-ece8-521f-a4b2-1dbc21fee6ba,OTT,recent_english_exact_full_name,https://www.cbc.ca/news/canada/ottawa/ottawa-charge-to-make-major-announcement-at-canadian-tire-centre-9.7264211,Ottawa Charge to make  major  announcement at Canadian Tire Centre,"""Ottawa Senators"" sourcelang:english",cbc.ca,English,Canada,20260709T173000Z,2026-08-03T15:24:19Z,Codex manual review,true,,2026-08-03,"title, publisher/domain, URL context, and article body where needed"
9f430ce7-aa25-58ab-a002-10cbd3303df1,OTT,recent_english_exact_full_name,https://ottawasun.com/news/bidding-chateau-montebello-extended,Bidding process for the Fairmont Château Montebello extended,"""Ottawa Senators"" sourcelang:english",ottawasun.com,English,Canada,20260610T190000Z,2026-08-03T15:24:19Z,Codex manual review,false,Hotel-sale article; Ottawa Senators appeared only as the bidder owner affiliation.,2026-08-03,"title, publisher/domain, URL context, and article body where needed"
66b79883-15f4-5873-8d7c-1f778921ad77,OTT,recent_english_exact_full_name,https://ottawacitizen.com/ottawa-senators/host-september-prospect-challenge-gatineau,Ottawa Senators to host September Prospect Challenge in Gatineau,"""Ottawa Senators"" sourcelang:english",ottawacitizen.com,English,Canada,20260623T171500Z,2026-08-03T15:24:19Z,Codex manual review,true,,2026-08-03,"title, publisher/domain, URL context, and article body where needed"
d6847719-2b12-5c4f-b892-4ce253f25755,OTT,recent_english_exact_full_name,https://ottawacitizen.com:443/ottawa-senators/host-september-prospect-challenge-gatineau,Ottawa Senators to host September Prospect Challenge in Gatineau,"""Ottawa Senators"" sourcelang:english",ottawacitizen.com,English,Canada,20260623T200000Z,2026-08-03T15:24:19Z,Codex manual review,true,,2026-08-03,"title, publisher/domain, URL context, and article body where needed"
8632dd1f-2814-5ae0-b23f-d8be4e6e4b52,PHI,recent_english_exact_full_name,https://dailycaller.com/2026/05/12/nhl-philadelphia-flyers-owen-tippett-injury-internal-bleeding-statement-announcement/,Philadelphia Flyer Owen Tippett Out For Months Due To Internal Bleeding,"""Philadelphia Flyers"" sourcelang:english",dailycaller.com,English,United States,20260512T184500Z,2026-08-03T15:24:41Z,Codex manual review,true,,2026-08-03,"title, publisher/domain, URL context, and article body where needed"
8b1695a9-3068-5d76-b96c-8c880c8f2ca7,PHI,recent_english_exact_full_name,https://www.bostonherald.com/2026/06/22/bruins-release-preseason-schedule-4/,Bruins release preseason schedule ahead of expanded 2026 - 27 season,"""Philadelphia Flyers"" sourcelang:english",bostonherald.com,English,United States,20260622T173000Z,2026-08-03T15:24:41Z,Codex manual review,true,,2026-08-03,"title, publisher/domain, URL context, and article body where needed"
c57a151b-dd79-54bb-92df-e73ca1a8044c,PHI,recent_english_exact_full_name,https://6abc.com/post/flyers-eliminated-playoffs-game-4-loss-hurricanes/19072299/,Flyers eliminated from playoffs with game 4 loss to Hurricanes,"""Philadelphia Flyers"" sourcelang:english",6abc.com,English,United States,20260510T033000Z,2026-08-03T15:24:41Z,Codex manual review,true,,2026-08-03,"title, publisher/domain, URL context, and article body where needed"
bec4511b-a165-5217-8c98-4280759ed93d,PHI,recent_english_exact_full_name,https://www.tsn.ca/nhl/article/flyers-sign-g-kolosov-to-one-year-deal-worth-850k/,Philadelphia Flyers sign G Aleksei Kolosov to one - year deal worth $850k,"""Philadelphia Flyers"" sourcelang:english",tsn.ca,English,Canada,20260515T180000Z,2026-08-03T15:24:41Z,Codex manual review,true,,2026-08-03,"title, publisher/domain, URL context, and article body where needed"
dd4147c7-d330-51b6-9c31-54935305850b,PHI,recent_english_exact_full_name,https://www.blueshirtbanter.com/bantering-points-5-10-26/,Bantering Points : 5 / 10 / 26,"""Philadelphia Flyers"" sourcelang:english",blueshirtbanter.com,English,United States,20260510T163000Z,2026-08-03T15:24:41Z,Codex manual review,true,,2026-08-03,"title, publisher/domain, URL context, and article body where needed"
51ede0d1-325a-5ddb-99fc-8b3937bc7645,PIT,recent_english_exact_full_name,https://www.wpxi.com/news/local/pittsburgh-penguins-end-agreement-with-wheeling-nailers/7PGEE5NZN5CATHZVQ7FJBCBGSA/,Pittsburgh Penguins end agreement with Wheeling Nailers,"""Pittsburgh Penguins"" sourcelang:english",wpxi.com,English,United States,20260716T220000Z,2026-08-03T15:32:54Z,Codex manual review,true,,2026-08-03,"title, publisher/domain, URL context, and article body where needed"
d24cf94b-a830-57a2-a43a-2cc69c5701cc,PIT,recent_english_exact_full_name,https://www.tsn.ca/radio/ottawa-1200/article/tsn-mornings-penguins-strength-and-conditioning-coach-sean-young/,TSN Mornings Penguins Strength and Conditioning coach Sean Young,"""Pittsburgh Penguins"" sourcelang:english",tsn.ca,English,Canada,20260731T151500Z,2026-08-03T15:32:54Z,Codex manual review,true,,2026-08-03,"title, publisher/domain, URL context, and article body where needed"
48203841-a268-5170-89a9-b17880170593,PIT,recent_english_exact_full_name,https://www.yardbarker.com/nhl/articles/nhl_notebook_sharks_re_sign_collin_graf_to_three_year_deal/s1_15227_44123422,NHL Notebook : Sharks re - sign Collin Graf to three - year deal,"""Pittsburgh Penguins"" sourcelang:english",yardbarker.com,English,United States,20260801T033000Z,2026-08-03T15:32:54Z,Codex manual review,true,,2026-08-03,"title, publisher/domain, URL context, and article body where needed"
e5f634a6-0bc7-5088-acbe-2c8be67ca623,PIT,recent_english_exact_full_name,https://www.wpxi.com/news/local/penguins-sign-nick-robertson-2-year-contract/T4464HOWRVEFDLB3USL5MKPTBQ/,Penguins sign Nick Robertson to 2 - year contract,"""Pittsburgh Penguins"" sourcelang:english",wpxi.com,English,United States,20260714T211500Z,2026-08-03T15:32:54Z,Codex manual review,true,,2026-08-03,"title, publisher/domain, URL context, and article body where needed"
e3feb117-8582-563b-8f4b-433ea845acb6,PIT,recent_english_exact_full_name,https://www.allaboutthejersey.com/devils-in-the-details-news-and-links/71245/devils-in-the-details-7-17-26-scheduling-edition,DitD & Open Post - 7 / 17 / 26 : Scheduling Edition,"""Pittsburgh Penguins"" sourcelang:english",allaboutthejersey.com,English,United States,20260717T140000Z,2026-08-03T15:32:54Z,Codex manual review,true,,2026-08-03,"title, publisher/domain, URL context, and article body where needed"
f9d82af5-8172-5686-9a3a-8161b90ab123,SJS,recent_english_exact_full_name,https://www.thebiglead.com/sharks-weighing-fit-versus-talent-around-macklin-celebrini-core/,Sharks weighing fit versus talent around Macklin Celebrini core,"""San Jose Sharks"" sourcelang:english",thebiglead.com,English,United States,20260508T194500Z,2026-08-03T15:26:23Z,Codex manual review,true,,2026-08-03,"title, publisher/domain, URL context, and article body where needed"
f02a9ab1-a985-5e68-b031-7d69e6256b1a,SJS,recent_english_exact_full_name,https://www.spotrac.com/nhl/player/_/id/94188/carson-wetsch,Carson Wetsch | NHL Contracts & Salaries,"""San Jose Sharks"" sourcelang:english",spotrac.com,English,United States,20260515T114500Z,2026-08-03T15:26:23Z,Codex manual review,true,,2026-08-03,"title, publisher/domain, URL context, and article body where needed"
6fdf7ea3-036e-5945-9aa6-3e977f880b2f,SJS,recent_english_exact_full_name,https://www.spotrac.com/nhl/player/_/id/108373/phillip-sinn,Phillip Sinn | NHL Contracts & Salaries,"""San Jose Sharks"" sourcelang:english",spotrac.com,English,United States,20260602T113000Z,2026-08-03T15:26:23Z,Codex manual review,true,,2026-08-03,"title, publisher/domain, URL context, and article body where needed"
4c0dbc99-f0d6-51ca-b320-54579d52d10b,SJS,recent_english_exact_full_name,https://www.wmur.com/article/kyle-chauvette-bruins/71776090,NH Kyle Chauvette works out with Bruins,"""San Jose Sharks"" sourcelang:english",wmur.com,English,United States,20260630T040000Z,2026-08-03T15:26:23Z,Codex manual review,true,,2026-08-03,"title, publisher/domain, URL context, and article body where needed"
ff1dd97c-49fe-5d35-a3ac-4ddb87b3d2bf,SJS,recent_english_exact_full_name,https://www.habseyesontheprize.com/2026-nhl-entry-draft-preview-start-time-tv-schedule-and-how-to-watch-tv-listings-online-stream-gavin-mckenna-ivar-stenberg-viggo-bjorck/,2026 NHL Entry Draft : Preview and how to watch,"""San Jose Sharks"" sourcelang:english",habseyesontheprize.com,English,Canada,20260626T143000Z,2026-08-03T15:26:23Z,Codex manual review,true,,2026-08-03,"title, publisher/domain, URL context, and article body where needed"
2dc5ae20-bd29-53b4-97f2-59d134d9fd90,SEA,recent_english_exact_full_name,https://kesq.com/news/2026/06/29/firebirds-re-sign-two-forwards-assistant-coach-stu-bickel-leaving-for-iowa-wild/,"Firebirds re - sign two forwards , assistant coach Stu Bickel leaving for Iowa Wild","""Seattle Kraken"" sourcelang:english",kesq.com,English,United States,20260630T044500Z,2026-08-03T15:11:14Z,Codex manual review,true,,2026-08-03,"title, publisher/domain, URL context, and article body where needed"
df570f68-f1f5-5045-b8b2-45cd92178e60,SEA,recent_english_exact_full_name,https://www.spotrac.com/nhl/player/_/id/74464/jon-randall-avon,"Jon - Randall Avon Contract , Salary & Cap Hit 2026","""Seattle Kraken"" sourcelang:english",spotrac.com,English,United States,20260630T040000Z,2026-08-03T15:11:14Z,Codex manual review,true,,2026-08-03,"title, publisher/domain, URL context, and article body where needed"
b9673a44-8b08-5483-bcc8-b44a14e24b5c,SEA,recent_english_exact_full_name,https://www.krem.com/article/syndication/associatedpress/melinda-french-gates-ex-wife-of-bill-gates-to-join-seattle-kraken-as-minority-investor/616-d63f1d96-a756-404c-a44f-981eaa125b50,"Melinda French Gates , ex - wife of Bill Gates , to join Seattle Kraken as minority investor","""Seattle Kraken"" sourcelang:english",krem.com,English,United States,20260602T024500Z,2026-08-03T15:11:14Z,Codex manual review,true,,2026-08-03,"title, publisher/domain, URL context, and article body where needed"
55c9c3dc-83cd-5acf-8dcf-8d757bde6687,SEA,recent_english_exact_full_name,https://www.wpxi.com/news/local/penguins-bring-back-ron-francis-front-office-role/CK6FKAPJNFATJPRV5VNULNXJVY/,Penguins bring back Ron Francis for front office role,"""Seattle Kraken"" sourcelang:english",wpxi.com,English,United States,20260620T014500Z,2026-08-03T15:11:14Z,Codex manual review,true,,2026-08-03,"title, publisher/domain, URL context, and article body where needed"
e8f8aa39-6376-5ec5-bb01-30909cfbf5fe,SEA,recent_english_exact_full_name,https://www.djc.com/news/bu/12176152.html,Seattle DJC . com local business news and data - Business - French Gates joins One Roof owners,"""Seattle Kraken"" sourcelang:english",djc.com,English,United States,20260603T074500Z,2026-08-03T15:11:14Z,Codex manual review,true,,2026-08-03,"title, publisher/domain, URL context, and article body where needed"
8b89c9ff-6065-52b8-b7bd-d5b82e5d1c05,STL,recent_english_exact_full_name,https://www.habseyesontheprize.com/2026-nhl-entry-draft-preview-start-time-tv-schedule-and-how-to-watch-tv-listings-online-stream-gavin-mckenna-ivar-stenberg-viggo-bjorck/,2026 NHL Entry Draft : Preview and how to watch,"""St. Louis Blues"" sourcelang:english",habseyesontheprize.com,English,Canada,20260626T143000Z,2026-08-03T15:27:08Z,Codex manual review,true,,2026-08-03,"title, publisher/domain, URL context, and article body where needed"
e44bc15d-9a0b-56e3-a376-c31c872ebaef,STL,recent_english_exact_full_name,https://www.tsn.ca/nhl/article/blues-re-sign-f-sundqvist-to-a-one-year-two-way-contract/,"St . Louis Blues re - sign Oskar Sundqvist to a one - year , two - way contract","""St. Louis Blues"" sourcelang:english",tsn.ca,English,Canada,20260711T034500Z,2026-08-03T15:27:08Z,Codex manual review,true,,2026-08-03,"title, publisher/domain, URL context, and article body where needed"
48eb8075-2bfc-545f-9fdc-d09ee52734bd,STL,recent_english_exact_full_name,https://www.gulfcoastnewsnow.com/article/everblades-not-affiliated-st-louis-blues-nhl-deal-worcester/71649255,Everblades no longer affiliated with St . Louis Blues after NHL team signs deal with Worcester,"""St. Louis Blues"" sourcelang:english",gulfcoastnewsnow.com,English,,20260621T161500Z,2026-08-03T15:27:08Z,Codex manual review,true,,2026-08-03,"title, publisher/domain, URL context, and article body where needed"
a1ed32cb-c527-5655-ab98-826e249d0abe,STL,recent_english_exact_full_name,https://bleacherreport.com/articles/25432336-br-nhl-trade-block-big-board-auston-matthews-nico-hischier-and-quinn-hughes-highlight-junes-list,"B / R NHL Trade Block Big Board : Auston Matthews , Nico Hischier and Quinn Hughes Highlight June List","""St. Louis Blues"" sourcelang:english",bleacherreport.com,English,United States,20260601T174500Z,2026-08-03T15:27:08Z,Codex manual review,true,,2026-08-03,"title, publisher/domain, URL context, and article body where needed"
21edeb68-88bb-58ec-a8bb-216e3369cf5a,STL,recent_english_exact_full_name,https://bleacherreport.com/articles/25426197-7-early-predictions-2026-nhl-draft,7 Early Predictions for the 2026 NHL Draft,"""St. Louis Blues"" sourcelang:english",bleacherreport.com,English,United States,20260509T173000Z,2026-08-03T15:27:08Z,Codex manual review,true,,2026-08-03,"title, publisher/domain, URL context, and article body where needed"
37f46482-d7e0-5511-8e4c-63dbf1c21a56,TBL,recent_english_exact_full_name,https://www.blueshirtbanter.com/bantering-points-5-6-26/,Bantering Points : 5 / 6 / 26,"""Tampa Bay Lightning"" sourcelang:english",blueshirtbanter.com,English,United States,20260506T160000Z,2026-08-03T15:27:28Z,Codex manual review,true,,2026-08-03,"title, publisher/domain, URL context, and article body where needed"
7f4e3c6d-5956-543c-b752-8fd83d9474af,TBL,recent_english_exact_full_name,https://www.yardbarker.com/nhl/articles/jon_cooper_had_the_classiest_quote_after_game_7_loss_to_the_canadiens/s1_127_43804023,Jon Cooper had the classiest quote after Game 7 loss to the Canadiens,"""Tampa Bay Lightning"" sourcelang:english",yardbarker.com,English,United States,20260505T064500Z,2026-08-03T15:27:28Z,Codex manual review,true,,2026-08-03,"title, publisher/domain, URL context, and article body where needed"
e252f6be-85b3-5c6d-8efa-dbf8fcdc89c2,TBL,recent_english_exact_full_name,https://russianmachineneverbreaks.com/2026/06/12/logan-thompson-nhl-second-all-star-team-capitals/,Logan Thompson named to the 2025 - 26 NHL Second All - Star Team after not finishing in top three for Vezina Trophy,"""Tampa Bay Lightning"" sourcelang:english",russianmachineneverbreaks.com,English,United States,20260612T233000Z,2026-08-03T15:27:28Z,Codex manual review,true,,2026-08-03,"title, publisher/domain, URL context, and article body where needed"
baf28de2-95a8-51e4-b195-5cccd3794810,TBL,recent_english_exact_full_name,https://russianmachineneverbreaks.com/2026/06/03/jon-cooper-jack-adams-award-first-nhl-coach-of-the-year-lightning/,Jon Cooper finally wins first Jack Adams Award as NHL Coach of the Year,"""Tampa Bay Lightning"" sourcelang:english",russianmachineneverbreaks.com,English,United States,20260604T004500Z,2026-08-03T15:27:28Z,Codex manual review,true,,2026-08-03,"title, publisher/domain, URL context, and article body where needed"
27054234-9dac-5a38-af57-85bcc7c8b25e,TBL,recent_english_exact_full_name,https://www.orlandosentinel.com/2026/06/03/lightnings-jon-cooper-wins-the-jack-adams-award-as-nhl-coach-of-the-year/,Lightning Jon Cooper wins the Jack Adams Award as NHL coach of the year – Orlando Sentinel,"""Tampa Bay Lightning"" sourcelang:english",orlandosentinel.com,English,United States,20260603T214500Z,2026-08-03T15:27:28Z,Codex manual review,true,,2026-08-03,"title, publisher/domain, URL context, and article body where needed"
2021964c-cc71-5f2c-8cb4-0913f8d33bb5,TOR,recent_english_exact_full_name,https://www.tsn.ca/nhl/article/maple-leafs-name-crowe-as-director-of-player-personnel/,Maple Leafs name Jeremiah Crowe as Director of Player Personnel,"""Toronto Maple Leafs"" sourcelang:english domain:tsn.ca",tsn.ca,English,Canada,20260715T174500Z,2026-08-03T15:35:23Z,Codex manual review,true,,2026-08-03,"title, publisher/domain, URL context, and article body where needed"
3311aa38-f131-54ab-b3fa-c3d5a366aa87,TOR,recent_english_exact_full_name,https://www.tsn.ca/nhl/article/robertson-penguins-avoid-arbitration-with-two-year-deal/,"Forward Nick Robertson , Pittsburgh Penguins avoid arbitration with two - year deal","""Toronto Maple Leafs"" sourcelang:english domain:tsn.ca",tsn.ca,English,Canada,20260714T184500Z,2026-08-03T15:35:23Z,Codex manual review,true,,2026-08-03,"title, publisher/domain, URL context, and article body where needed"
39af932a-877e-58bf-8bb2-3c1307f705e6,TOR,recent_english_exact_full_name,https://www.tsn.ca/nhl/article/nhl-announces-home-openers-for-2026-27-leafs-host-habs-on-sept-29-opening-night/,NHL schedule : Home openers for 2026 - 27 ; Leafs host Habs on Sept . 29 opening night,"""Toronto Maple Leafs"" sourcelang:english domain:tsn.ca",tsn.ca,English,Canada,20260715T173000Z,2026-08-03T15:35:23Z,Codex manual review,true,,2026-08-03,"title, publisher/domain, URL context, and article body where needed"
ee610678-efac-54a8-a302-1899a933eb54,TOR,recent_english_exact_full_name,https://www.tsn.ca/nhl/article/hurricanes-to-open-nhl-season-vs-panthers-raise-their-stanley-cup-banner-on-sept-29/,"Hurricanes to open the NHL season against the Panthers , raise their Stanley Cup banner on Sept . 29","""Toronto Maple Leafs"" sourcelang:english domain:tsn.ca",tsn.ca,English,Canada,20260716T120000Z,2026-08-03T15:35:23Z,Codex manual review,true,,2026-08-03,"title, publisher/domain, URL context, and article body where needed"
fcf53eea-e75e-5ec5-a991-3b50b10866af,TOR,recent_english_exact_full_name,https://www.tsn.ca/nhl/article/maple-leafs-sign-quillan-villeneuve-and-tverberg-to-new-deals/,"Toronto Maple Leafs sign Jacob Quillan , William Villeneuve , and Ryan Tverberg to new deals","""Toronto Maple Leafs"" sourcelang:english domain:tsn.ca",tsn.ca,English,Canada,20260709T001500Z,2026-08-03T15:35:23Z,Codex manual review,true,,2026-08-03,"title, publisher/domain, URL context, and article body where needed"
8456e3ef-4dbc-56c7-97cc-b08456ec6e7d,UTA,recent_english_exact_full_name,https://www.spotrac.com/nhl/player/_/id/99462/yegor-borikov,Yegor Borikov | NHL Contracts & Salaries,"""Utah Mammoth"" sourcelang:english",spotrac.com,English,United States,20260509T153000Z,2026-08-03T15:28:39Z,Codex manual review,true,,2026-08-03,"title, publisher/domain, URL context, and article body where needed"
fecc1061-00c2-5b2f-b1b9-b5dc6cd02884,UTA,recent_english_exact_full_name,https://www.wmur.com/article/bruins-trades-jj-peterka/71750503,Bruins trade two first - round draft picks for JJ Peterka,"""Utah Mammoth"" sourcelang:english",wmur.com,English,United States,20260627T011500Z,2026-08-03T15:28:39Z,Codex manual review,true,,2026-08-03,"title, publisher/domain, URL context, and article body where needed"
a513e076-ea2a-54de-b1b0-f124fe58e79b,UTA,recent_english_exact_full_name,https://www.bostonherald.com/2026/06/26/reports-bruins-score-top-six-wing-j-j-peterka/,Reports : Bruins score top - six wing J . J . Peterka,"""Utah Mammoth"" sourcelang:english",bostonherald.com,English,United States,20260627T021500Z,2026-08-03T15:28:39Z,Codex manual review,true,,2026-08-03,"title, publisher/domain, URL context, and article body where needed"
141e950c-7194-5a57-a001-f81a93a820df,UTA,recent_english_exact_full_name,https://www.lowellsun.com/2026/06/26/reports-bruins-score-top-six-wing-j-j-peterka/,Reports : Bruins score top - six wing J . J . Peterka,"""Utah Mammoth"" sourcelang:english",lowellsun.com,English,United States,20260627T004500Z,2026-08-03T15:28:39Z,Codex manual review,true,,2026-08-03,"title, publisher/domain, URL context, and article body where needed"
d2b5bfce-02fa-5eb9-9b2c-f40d76641259,UTA,recent_english_exact_full_name,https://www.kynt1450.com/2026/07/21/mammoth-sign-defenseman-john-marino-to-8-year-54-million-extension/,"Mammoth sign defenseman John Marino to 8 - year , $54 million extension","""Utah Mammoth"" sourcelang:english",kynt1450.com,English,United States,20260721T220000Z,2026-08-03T15:28:39Z,Codex manual review,true,,2026-08-03,"title, publisher/domain, URL context, and article body where needed"
cadf047c-7cd0-512c-a596-69e02e8e91db,VAN,recent_english_exact_full_name,https://www.cbc.ca/news/canada/british-columbia/manny-malhotra-new-vancouver-canucks-head-coach-9.7220119,Manny Malhotra named new Vancouver Canucks head coach,"""Vancouver Canucks"" sourcelang:english",cbc.ca,English,Canada,20260602T081500Z,2026-08-03T15:13:12Z,Codex manual review,true,,2026-08-03,"title, publisher/domain, URL context, and article body where needed"
4199804b-49b5-551c-8e0d-9dee724bb963,VAN,recent_english_exact_full_name,https://dailyhive.com/vancouver/four-canucks-switch-jersey-numbers-wore-last-season,Four Canucks players switch jersey numbers from what they wore last season | Daily Hive,"""Vancouver Canucks"" sourcelang:english",dailyhive.com,English,Canada,20260721T204500Z,2026-08-03T15:13:12Z,Codex manual review,true,,2026-08-03,"title, publisher/domain, URL context, and article body where needed"
8158a397-7405-5d52-825b-54ce96cd8d41,VAN,recent_english_exact_full_name,https://bleacherreport.com/articles/25452140-8-nhl-stars-who-could-request-trade-during-2026-27-season,The 8 NHL Stars Who Could Request a Trade During the 2026 - 27 Season,"""Vancouver Canucks"" sourcelang:english",bleacherreport.com,English,United States,20260708T201500Z,2026-08-03T15:13:12Z,Codex manual review,true,,2026-08-03,"title, publisher/domain, URL context, and article body where needed"
4d67b583-60b0-5026-a6b5-fc28c1eabc7a,VAN,recent_english_exact_full_name,https://www.blueshirtbanter.com/bantering-points-6-12-26/,Bantering Points : 6 / 12 / 26,"""Vancouver Canucks"" sourcelang:english",blueshirtbanter.com,English,United States,20260612T150000Z,2026-08-03T15:13:12Z,Codex manual review,true,,2026-08-03,"title, publisher/domain, URL context, and article body where needed"
c1d9289d-132d-597c-a4b5-c44acc7fedc1,VAN,recent_english_exact_full_name,https://voiceonline.com/city-of-vancouver-vancouver-canucks-explore-partnership-to-create-practice-facility-at-britannia/,"City of Vancouver , Vancouver Canucks explore partnership to create practice facility at Britannia","""Vancouver Canucks"" sourcelang:english",voiceonline.com,English,Canada,20260730T231500Z,2026-08-03T15:13:12Z,Codex manual review,true,,2026-08-03,"title, publisher/domain, URL context, and article body where needed"
e67d986c-0575-5f24-9da8-194a9ddd4547,VGK,recent_english_exact_full_name,https://www.dailynews.com/2026/05/12/ducks-pushed-to-brink-of-elimination-with-ot-loss-in-game-5/,Ducks pushed to brink of elimination with OT loss in Game 5,"""Vegas Golden Knights"" sourcelang:english",dailynews.com,English,United States,20260513T084500Z,2026-08-03T15:13:35Z,Codex manual review,true,,2026-08-03,"title, publisher/domain, URL context, and article body where needed"
ed8e83ab-1d85-5651-a5a0-4a4fe4886642,VGK,recent_english_exact_full_name,https://www.dailybreeze.com/2026/05/12/ducks-pushed-to-brink-of-elimination-with-ot-loss-in-game-5/,Ducks pushed to brink of elimination with OT loss in Game 5,"""Vegas Golden Knights"" sourcelang:english",dailybreeze.com,English,United States,20260513T091500Z,2026-08-03T15:13:35Z,Codex manual review,true,,2026-08-03,"title, publisher/domain, URL context, and article body where needed"
c2cd152d-4855-5868-9b55-3ae9126d6555,VGK,recent_english_exact_full_name,https://www.fox5vegas.com/2026/07/21/vegas-golden-knights-hosting-player-used-equipment-sale-city-national-arena/,Vegas Golden Knights hosting player - used equipment sale at City National Arena,"""Vegas Golden Knights"" sourcelang:english",fox5vegas.com,English,United States,20260721T234500Z,2026-08-03T15:13:35Z,Codex manual review,true,,2026-08-03,"title, publisher/domain, URL context, and article body where needed"
80905bb0-5158-52b6-a11f-f8a01906fe2d,VGK,recent_english_exact_full_name,https://www.presstelegram.com/2026/05/06/ducks-return-to-basics-top-golden-knights-in-game-2-to-even-series/,"Ducks stick to basics , top Golden Knights in Game 2 to even series","""Vegas Golden Knights"" sourcelang:english",presstelegram.com,English,United States,20260507T091500Z,2026-08-03T15:13:35Z,Codex manual review,true,,2026-08-03,"title, publisher/domain, URL context, and article body where needed"
9721700f-d46b-580a-9c00-a2a8a84ac889,VGK,recent_english_exact_full_name,https://variety.com/2026/shopping/news/how-to-watch-nhl-stanley-cup-final-online-livestream-free-1236417954/,How to Watch 2026 HNL Stanley Cup Final Live Online Without Cable Free,"""Vegas Golden Knights"" sourcelang:english",variety.com,English,United States,20260602T223000Z,2026-08-03T15:13:35Z,Codex manual review,true,,2026-08-03,"title, publisher/domain, URL context, and article body where needed"
b80f17d6-048d-5f30-b4fe-652f25d7d197,WSH,recent_english_exact_full_name,https://www.bostonherald.com/2026/06/22/bruins-release-preseason-schedule-4/,Bruins release preseason schedule ahead of expanded 2026 - 27 season,"""Washington Capitals"" sourcelang:english",bostonherald.com,English,United States,20260622T173000Z,2026-08-03T15:29:13Z,Codex manual review,true,,2026-08-03,"title, publisher/domain, URL context, and article body where needed"
52ce047d-8e2d-54d5-b6c8-90c2d5dca443,WSH,recent_english_exact_full_name,https://russianmachineneverbreaks.com/2026/06/25/declan-chisholm-trade-devils-capitals-draft-pick/,Capitals trade defenseman Declan Chisholm to Devils for draft pick,"""Washington Capitals"" sourcelang:english",russianmachineneverbreaks.com,English,United States,20260626T021500Z,2026-08-03T15:29:13Z,Codex manual review,true,,2026-08-03,"title, publisher/domain, URL context, and article body where needed"
b1e78a74-e128-50d8-9346-ec4f0df886e7,WSH,recent_english_exact_full_name,https://russianmachineneverbreaks.com/2026/05/07/theodor-niederbach-washington-capitals-contract-two-way-shl/,"Washington Capitals sign Swedish forward Theodor Niederbach to a one - year , two - way contract","""Washington Capitals"" sourcelang:english",russianmachineneverbreaks.com,English,United States,20260507T181500Z,2026-08-03T15:29:13Z,Codex manual review,true,,2026-08-03,"title, publisher/domain, URL context, and article body where needed"
7055d2d2-8f6e-5f2d-b08b-66ada67b125d,WSH,recent_english_exact_full_name,https://whp580.iheart.com/content/2026-07-14-capitals-to-return-to-hershey-for-preseason/,Capitals To Return To Hershey For Preseason,"""Washington Capitals"" sourcelang:english",whp580.iheart.com,English,United States,20260714T121500Z,2026-08-03T15:29:13Z,Codex manual review,true,,2026-08-03,"title, publisher/domain, URL context, and article body where needed"
1a18a739-3f52-5a7f-a17d-f8a0c4b417c6,WSH,recent_english_exact_full_name,https://wtop.com/washington-capitals/2026/06/capitals-sign-coach-spencer-carbery-to-a-multiyear-contract-extension/,Capitals sign coach Spencer Carbery to a multiyear contract extension,"""Washington Capitals"" sourcelang:english",wtop.com,English,United States,20260618T213000Z,2026-08-03T15:29:13Z,Codex manual review,true,,2026-08-03,"title, publisher/domain, URL context, and article body where needed"
6b0d1f6a-191a-55e9-800d-82466d0a993e,WPG,recent_english_exact_full_name,https://www.cbc.ca/news/canada/manitoba/jets-cole-perfetti-contract-9.7271650,Jets re - sign Cole Perfetti to 5 - year deal,"""Winnipeg Jets"" domain:winnipegsun.com",cbc.ca,English,Canada,20260716T004500Z,2026-08-03T15:37:17Z,Codex manual review,true,,2026-08-03,"title, publisher/domain, URL context, and article body where needed"
5206e569-9998-55dd-88c0-31d63c1bac94,WPG,recent_english_exact_full_name,https://www.cbc.ca/news/canada/manitoba/scheifele-hat-trick-worlds-9.7207546,Scheifele completes hat trick in overtime as Canada avoids upset,"""Winnipeg Jets"" domain:winnipegsun.com",cbc.ca,English,Canada,20260522T031500Z,2026-08-03T15:37:17Z,Codex manual review,false,Team Canada game article; Winnipeg Jets appeared only as player affiliation.,2026-08-03,"title, publisher/domain, URL context, and article body where needed"
485ce15c-d290-5694-8c8e-1a1b14a7740a,WPG,recent_english_exact_full_name,https://www.winnipegfreepress.com/breakingnews/2026/07/12/top-prospect-viggo-bjorck-plans-future-with-jets,Top prospect Viggo Björck plans future with Jets – Winnipeg Free Press,"""Winnipeg Jets"" sourcelang:english",winnipegfreepress.com,English,Canada,20260712T200000Z,2026-08-03T15:41:30Z,Codex manual review,true,,2026-08-03,"title, publisher/domain, URL context, and article body where needed"
0a5446f9-cc26-5300-b0b8-a599c32cde74,WPG,recent_english_exact_full_name,https://www.tsn.ca/nhl/article/jets-rfa-perfetti-avoid-arbitration-with-five-year-extension/,"Winnipeg Jets , RFA Cole Perfetti avoid arbitration with five - year extension","""Winnipeg Jets"" sourcelang:english",tsn.ca,English,Canada,20260715T223000Z,2026-08-03T15:41:30Z,Codex manual review,true,,2026-08-03,"title, publisher/domain, URL context, and article body where needed"
0eada501-74ff-58f0-9bce-d9b94596b35e,WPG,recent_english_exact_full_name,https://www.winnipegfreepress.com/breakingnews/2026/07/13/viggomania-heats-up,Viggomania heats up – Winnipeg Free Press,"""Winnipeg Jets"" sourcelang:english",winnipegfreepress.com,English,Canada,20260713T230000Z,2026-08-03T15:41:30Z,Codex manual review,true,,2026-08-03,"title, publisher/domain, URL context, and article body where needed"
a6832217-b93f-5613-ab39-642ba4269d54,FLA,supplemental_precision_recovery_exact_full_name,https://www.centralmaine.com/2026/06/25/kennebunkport-native-garnet-hathaway-traded-to-florida-panthers/,Kennebunkport native Garnet Hathaway traded to Florida Panthers,"""Florida Panthers"" sourcelang:english",centralmaine.com,English,United States,20260625T201500Z,2026-08-03T15:06:49Z,Codex manual review,true,,2026-08-03,"Title and URL establish the club as principal subject, transaction participant, or substantive team-specific item."
bdad7a9f-43ec-5987-87cc-cd950ce1a949,FLA,supplemental_precision_recovery_exact_full_name,https://www.sun-sentinel.com/2026/06/23/brady-tkachuk-arrives-to-florida-panthers-after-trade-photos/,Gallery : Brady Tkachuk arrives to Florida Panthers after trade,"""Florida Panthers"" sourcelang:english",sun-sentinel.com,English,United States,20260623T234500Z,2026-08-03T15:06:49Z,Codex manual review,true,,2026-08-03,"Title and URL establish the club as principal subject, transaction participant, or substantive team-specific item."
9d83557d-5880-5337-a980-ccebac019d57,FLA,supplemental_precision_recovery_exact_full_name,https://www.tsn.ca/nhl/article/kraken-acquire-rfa-forward-samoskevich-in-deal-with-panthers/,Seattle Kraken acquire restricted free agent forward Mackie Samoskevich in deal with Florida Panthers,"""Florida Panthers"" sourcelang:english",tsn.ca,English,Canada,20260621T181500Z,2026-08-03T15:06:49Z,Codex manual review,true,,2026-08-03,"Title and URL establish the club as principal subject, transaction participant, or substantive team-specific item."
80e39702-31ac-508c-b87b-687f5a741152,FLA,supplemental_precision_recovery_exact_full_name,https://www.wpbf.com/article/florida-panthers-introduce-brady-tkachuk-nhl/71677411,Florida Panthers introduce Brady Tkachuk,"""Florida Panthers"" sourcelang:english",wpbf.com,English,United States,20260623T171500Z,2026-08-03T15:06:49Z,Codex manual review,true,,2026-08-03,"Title and URL establish the club as principal subject, transaction participant, or substantive team-specific item."
90ae46bf-9453-51e1-a7f8-0834eec3ec95,FLA,supplemental_precision_recovery_exact_full_name,https://www.tsn.ca/nhl/article/panthers-acquire-d-pieniniemi-in-trade-with-penguins/,Florida Panthers acquire defenceman Emil Pieniniemi in trade with Pittsburgh Penguins,"""Florida Panthers"" sourcelang:english",tsn.ca,English,Canada,20260613T161500Z,2026-08-03T15:06:49Z,Codex manual review,true,,2026-08-03,"Title and URL establish the club as principal subject, transaction participant, or substantive team-specific item."
eb94de42-9128-5a89-aae5-fba3d1c5b6d5,OTT,supplemental_precision_recovery_exact_full_name,https://www.cbc.ca/news/canada/ottawa/brady-tkachuk-trade-ottawa-senators-florida-panthers-9.7245641,Brady Tkachuk says he asked for a trade to start the  next chapter  of his career,"""Ottawa Senators"" sourcelang:english",cbc.ca,English,Canada,20260623T201500Z,2026-08-03T15:24:19Z,Codex manual review,true,,2026-08-03,"Title and URL establish the club as principal subject, transaction participant, or substantive team-specific item."
02be2eab-4227-57f6-b71e-eaef602fe610,OTT,supplemental_precision_recovery_exact_full_name,https://ottawacitizen.com:443/ottawa-senators/sign-tyler-boucher-one-year-contract,Ottawa Senators sign Tyler Boucher to one - year contract,"""Ottawa Senators"" sourcelang:english",ottawacitizen.com,English,Canada,20260710T224500Z,2026-08-03T15:24:19Z,Codex manual review,true,,2026-08-03,"Title and URL establish the club as principal subject, transaction participant, or substantive team-specific item."
5a58bf74-9a93-50e2-8c1d-a209c05513d7,OTT,supplemental_precision_recovery_exact_full_name,https://ottawacitizen.com/ottawa-senators/mason-mctavish-ottawa-senators-radar,Anaheim Mason McTavish is on Ottawa Senator radar,"""Ottawa Senators"" sourcelang:english",ottawacitizen.com,English,Canada,20260530T234500Z,2026-08-03T15:24:19Z,Codex manual review,true,,2026-08-03,"Title and URL establish the club as principal subject, transaction participant, or substantive team-specific item."
3cce0f59-45dc-5ffd-8efc-94a4439bb4d3,OTT,supplemental_precision_recovery_exact_full_name,https://ottawacitizen.com/ottawa-senators/ottawa-senators-2026-draft-picks,Who the Ottawa Senators selected in the NHL draft,"""Ottawa Senators"" sourcelang:english",ottawacitizen.com,English,Canada,20260628T003000Z,2026-08-03T15:24:19Z,Codex manual review,true,,2026-08-03,"Title and URL establish the club as principal subject, transaction participant, or substantive team-specific item."
eb44a3e5-4847-5bd1-97cf-3e0c722299ba,OTT,supplemental_precision_recovery_exact_full_name,https://ottawacitizen.com:443/ottawa-senators/will-carter-yakemchuk-make-the-ottawa-senators-out-of-training-camp,Will Carter Yakemchuk make the Ottawa Senators out of training camp ? ,"""Ottawa Senators"" sourcelang:english",ottawacitizen.com,English,Canada,20260717T173000Z,2026-08-03T15:24:19Z,Codex manual review,true,,2026-08-03,"Title and URL establish the club as principal subject, transaction participant, or substantive team-specific item."
bbb18616-5130-5968-bbb2-6d7068272e59,WPG,supplemental_precision_recovery_exact_full_name,https://www.chrisd.ca/2026/07/15/cole-perfetti-winnipeg-jets-contract-extension/,"Jets Sign Cole Perfetti to Five - Year , $30M USD Contract","""Winnipeg Jets"" sourcelang:english",chrisd.ca,English,Canada,20260715T231500Z,2026-08-03T15:41:30Z,Codex manual review,true,,2026-08-03,"Title and URL establish the club as principal subject, transaction participant, or substantive team-specific item."
2c3612b9-f169-55ff-9dee-8cf540fab42c,WPG,supplemental_precision_recovery_exact_full_name,https://www.cp24.com/news/canada/2026/07/20/winnipeg-jets-logo-corn-maze-sprouts-in-southwestern-manitoba/,Winnipeg Jets logo corn maze grows in Manitoba,"""Winnipeg Jets"" sourcelang:english",cp24.com,English,Canada,20260720T224500Z,2026-08-03T15:41:30Z,Codex manual review,true,,2026-08-03,"Title and URL establish the club as principal subject, transaction participant, or substantive team-specific item."
4fa885b7-c470-5d9f-9bf5-ed54d860df81,WPG,supplemental_precision_recovery_exact_full_name,https://www.chrisd.ca/2026/07/13/viggo-bjorck-winnipeg-jets-entry-level-contract/,Jets Sign First - Round Pick Viggo Bjorck to Entry - Level Contract,"""Winnipeg Jets"" sourcelang:english",chrisd.ca,English,Canada,20260713T194500Z,2026-08-03T15:41:30Z,Codex manual review,true,,2026-08-03,"Title and URL establish the club as principal subject, transaction participant, or substantive team-specific item."
d1bdd44e-fbf9-5500-bc2d-50c58a0c34e7,WPG,supplemental_precision_recovery_exact_full_name,https://globalnews.ca/news/11959116/winnipeg-jets-announce-new-echl-affiliate/,Winnipeg Jets announce new ECHL affiliate - Winnipeg,"""Winnipeg Jets"" sourcelang:english",globalnews.ca,English,Canada,20260709T033000Z,2026-08-03T15:41:30Z,Codex manual review,true,,2026-08-03,"Title and URL establish the club as principal subject, transaction participant, or substantive team-specific item."
23df0be4-3a6b-5c35-b504-863e4478b618,WPG,supplemental_precision_recovery_exact_full_name,https://www.winnipegfreepress.com/breakingnews/2026/07/16/jets-drop-puck-on-sweet-16th-season-at-home,Jets drop puck on sweet 16th season at home – Winnipeg Free Press,"""Winnipeg Jets"" sourcelang:english",winnipegfreepress.com,English,Canada,20260716T194500Z,2026-08-03T15:41:30Z,Codex manual review,true,,2026-08-03,"Title and URL establish the club as principal subject, transaction participant, or substantive team-specific item."
